,CPI,Unemployment Rate,GDP
1946-01-01,,,
1946-04-01,,,
1946-07-01,,,
1946-10-01,,,
1947-01-01,,,
1947-02-01,0.006517690875232907,,
1947-03-01,0.01757631822386685,,
1947-04-01,0.0,,0.011531312200819155
1947-05-01,-0.002272727272727315,,
1947-06-01,0.005922551252847352,,
1947-07-01,0.006793478260869623,,0.014705164899499135
1947-08-01,0.007647323436797082,,
1947-09-01,0.019642857142857295,,
1947-10-01,0.0030647985989491477,,0.04070757457379237
1947-11-01,0.006547359231776406,,
1947-12-01,0.015177797051170838,,
1948-01-01,0.011533532678342562,3.4,0.023088028643477365
1948-02-01,-0.0004222972972972583,3.8,
1948-03-01,-0.007182087029995898,4.0,
1948-04-01,0.013617021276595809,3.9,0.02568280512677701
1948-05-01,0.007976490344248521,3.5,
1948-06-01,0.005830903790087438,3.6,
1948-07-01,0.010351966873705987,3.6,0.024320625754401748
1948-08-01,0.0012295081967212962,3.9,
1948-09-01,-0.002865329512893977,3.8,
1948-10-01,-0.0020525451559935126,3.7,0.004190604449920254
1948-11-01,-0.006170300287947295,3.8,
1948-12-01,-0.004552980132450313,4.0,
1949-01-01,-0.0016632016632016633,4.3,-0.01901799790274139
1949-02-01,-0.004164931278633932,4.7,
1949-03-01,0.0,5.0,
1949-04-01,0.0004182350480970154,5.3,-0.013391071649323294
1949-05-01,-0.0004180602006689238,6.1,
1949-06-01,0.0004182350480970154,6.2,
1949-07-01,-0.009197324414715768,6.7,0.005667935625813136
1949-08-01,0.0,6.8,
1949-09-01,0.0021097046413502962,6.6,
1949-10-01,-0.003368421052631465,7.9,-0.008289084572848271
1949-11-01,0.0012674271229402567,6.4,
1949-12-01,-0.0037974683544304,6.6,
1950-01-01,-0.004235493434985083,6.5,0.03769394775835355
1950-02-01,0.004253509145044632,6.4,
1950-03-01,0.0012706480304955914,6.3,
1950-04-01,0.0004230118443315778,5.8,0.03402438503283145
1950-05-01,0.0050739957716703366,5.5,
1950-06-01,0.00462768195204033,5.4,
1950-07-01,0.007956448911222935,5.0,0.06119504240950757
1950-08-01,0.00540091400083087,4.5,
1950-09-01,0.005785123966942196,4.4,
1950-10-01,0.006573541495480617,4.2,0.03826670517567554
1950-11-01,0.004081632653061273,4.2,
1950-12-01,0.015447154471544655,4.3,
1951-01-01,0.01601281024819845,3.7,0.05018049977339856
1951-02-01,0.01773049645390068,3.4,
1951-03-01,0.0019357336430507743,3.4,
1951-04-01,0.0015455950540959051,3.1,0.024077380952380878
1951-05-01,0.002700617283950546,3.0,
1951-06-01,-0.002308580223162715,3.2,
1951-07-01,-0.0007713073659852965,3.1,0.021200848615188006
1951-08-01,-0.001929756850636899,3.1,
1951-09-01,0.006573859242072766,3.3,
1951-10-01,0.0049942374183633564,3.5,0.013640309062709077
1951-11-01,0.006116207951070374,3.5,
1951-12-01,0.005699088145896702,3.1,
1952-01-01,-0.000755572346052169,3.2,0.010225224466418492
1952-02-01,-0.0015122873345935206,3.1,
1952-03-01,-0.0007572889057174681,2.9,
1952-04-01,0.0026525198938991412,2.9,0.003362792507364709
1952-05-01,0.00037792894935750887,3.0,
1952-06-01,0.002266717038156507,3.0,
1952-07-01,0.005653976630229929,3.2,0.018477688834723116
1952-08-01,0.0003748125937033109,3.4,
1952-09-01,-0.0022480329711502822,3.1,
1952-10-01,0.0022530980097634767,3.0,0.03565668845067038
1952-11-01,0.0,2.8,
1952-12-01,0.0007493443237167607,2.7,
1953-01-01,-0.0026207412953950238,2.9,0.018822936252008926
1953-02-01,-0.0018768768768768762,2.6,
1953-03-01,0.00150432493418573,2.6,
1953-04-01,0.0022530980097634767,2.7,0.009714418268983005
1953-05-01,0.00037467216185826935,2.5,
1953-06-01,0.0026217228464420206,2.5,
1953-07-01,0.0007471049682479247,2.6,-0.001475434525678554
1953-08-01,0.002239641657334923,2.7,
1953-09-01,0.0014897579143389184,2.9,
1953-10-01,0.002231312755671233,3.1,-0.013295975417400463
1953-11-01,-0.0037105751391465214,3.5,
1953-12-01,0.0007448789571693482,4.5,
1954-01-01,0.002605135839225836,4.9,-0.001619296836541717
1954-02-01,0.0018559762435039762,5.2,
1954-03-01,-0.0022230455724341347,5.7,
1954-04-01,-0.0025993316004455647,5.9,0.0020137798596062684
1954-05-01,0.002606105733432562,5.9,
1954-06-01,0.00037133308577796953,5.6,
1954-07-01,-0.0029695619896066283,5.8,0.01262557592050162
1954-08-01,-0.00037230081906169943,6.0,
1954-09-01,-0.0014897579143390294,6.1,
1954-10-01,-0.0033569563595673424,5.7,0.022348054711557097
1954-11-01,0.002245508982035904,5.3,
1954-12-01,-0.00037341299477222645,5.0,
1955-01-01,0.0,4.9,0.03336969084441144
1955-02-01,0.0018677624206200338,4.7,
1955-03-01,-0.0011185682326622093,4.6,
1955-04-01,0.0,4.7,0.020478220556657156
1955-05-01,-0.000746547219111604,4.3,
1955-06-01,-0.0022413149047441072,4.2,
1955-07-01,0.0018719580681392234,4.0,0.02061290720514708
1955-08-01,-0.001494768310911887,4.2,
1955-09-01,0.0048652694610780145,4.1,
1955-10-01,-0.0011173184357542443,4.3,0.01597086148746807
1955-11-01,0.0022371364653244186,4.2,
1955-12-01,-0.00037202380952372494,4.2,
1956-01-01,-0.0014886490509863348,4.0,0.006071948239729785
1956-02-01,0.001118151323145744,3.9,
1956-03-01,0.0011169024571855424,4.2,
1956-04-01,0.0014875418371140814,4.0,0.014244586647746749
1956-05-01,0.0037133308577794732,4.3,
1956-06-01,0.00443951165371792,4.3,
1956-07-01,0.0051565377532227785,4.4,0.011616331472388497
1956-08-01,0.0007328691828507594,4.1,
1956-09-01,0.0014646649578908821,3.9,
1956-10-01,0.005850091407678226,3.9,0.020550055298088843
1956-11-01,0.0,4.3,
1956-12-01,0.004362050163576825,4.2,
1957-01-01,0.001447701773434673,4.2,0.020231810156299046
1957-02-01,0.004698229129020515,3.9,
1957-03-01,0.0021582733812948174,3.7,
1957-04-01,0.002512562814070307,3.9,0.004780971478077989
1957-05-01,0.0025062656641603454,4.1,
1957-06-01,0.003928571428571503,4.3,
1957-07-01,0.0028459622909997595,4.2,0.01581484031566127
1957-08-01,0.0031926214969848488,4.1,
1957-09-01,0.0014144271570013522,4.4,
1957-10-01,0.0,4.5,-0.009647750735156224
1957-11-01,0.0031779661016948513,5.1,
1957-12-01,0.002111932418162654,5.2,
1958-01-01,0.005971197752019819,5.8,-0.015423363320866468
1958-02-01,0.0020949720670391248,6.4,
1958-03-01,0.005923344947735165,6.7,
1958-04-01,0.002424662279182588,7.4,0.009492235958420636
1958-05-01,0.0,7.4,
1958-06-01,-0.0010366275051831852,7.3,
1958-07-01,-0.0006918021445866396,7.5,0.029372131751903785
1958-08-01,0.001730702665282191,7.4,
1958-09-01,-0.0010366275051831852,7.1,
1958-10-01,0.0,6.7,0.028227341866989386
1958-11-01,0.0013836042891732792,6.2,
1958-12-01,0.000690846286701241,6.2,
1959-01-01,0.001380738695202055,6.0,0.02156919658496048
1959-02-01,-0.00034470872113068207,5.9,
1959-03-01,-0.001034482758620725,5.6,
1959-04-01,0.00034518467380051376,5.2,0.02414712049066292
1959-05-01,0.0020703933747412417,5.1,
1959-06-01,0.002410468319559156,5.0,
1959-07-01,0.0013740982480248132,5.1,0.004555603813620079
1959-08-01,0.0010291595197255976,5.2,
1959-09-01,0.002398903358464821,5.5,
1959-10-01,0.0034188034188034067,5.7,0.006791941093338805
1959-11-01,0.0,5.8,
1959-12-01,0.002044293015332155,5.3,
1960-01-01,-0.0013600816048963127,5.2,0.026575860764282977
1960-02-01,0.0013619339462036528,4.8,
1960-03-01,0.0,5.4,
1960-04-01,0.0044202652159128775,5.2,-0.0028895342837345073
1960-05-01,0.0010155721056195333,5.1,
1960-06-01,0.001352722353736846,5.4,
1960-07-01,-0.0020263424518742745,5.5,0.00836105566644485
1960-08-01,0.0020304568527917954,5.6,
1960-09-01,0.0,5.5,
1960-10-01,0.004728132387706863,6.1,-0.009910117961012044
1960-11-01,0.0010084033613446675,6.1,
1960-12-01,0.001007387508394908,6.6,
1961-01-01,0.0010063737001007045,6.6,0.008924521979944311
1961-02-01,0.0,6.9,
1961-03-01,0.0,6.9,
1961-04-01,-0.00100536193029499,7.0,0.01931495840504338
1961-05-01,0.0010063737001007045,7.1,
1961-06-01,0.0,6.9,
1961-07-01,0.002680965147453085,7.0,0.021814614477675187
1961-08-01,0.0006684491978610207,6.6,
1961-09-01,0.0013360053440214514,6.7,
1961-10-01,0.0,6.5,0.022809267453986815
1961-11-01,0.0,6.1,
1961-12-01,0.0010006671114075605,6.0,
1962-01-01,0.0009996667777407708,5.8,0.023080818171171247
1962-02-01,0.0023302263648468102,5.5,
1962-03-01,0.0019926934573231136,5.6,
1962-04-01,0.0013258203513424327,5.6,0.010695052128488758
1962-05-01,0.0009930486593843213,5.5,
1962-06-01,-0.0009920634920633775,5.5,
1962-07-01,0.00033101621979469975,5.4,0.01442620001798911
1962-08-01,0.0019854401058903015,5.7,
1962-09-01,0.004623513870541718,5.6,
1962-10-01,-0.0013149243918475495,5.4,0.005341306707255855
1962-11-01,0.0,5.7,
1962-12-01,0.0,5.5,
1963-01-01,0.0019749835418039208,5.7,0.015339387208466837
1963-02-01,0.0013140604467805073,5.9,
1963-03-01,0.0009842519685039353,5.7,
1963-04-01,-0.000983284169124965,5.7,0.012997207530659027
1963-05-01,0.0009842519685039353,5.9,
1963-06-01,0.0032776138970829205,5.6,
1963-07-01,0.002613524991832872,5.6,0.023329818722290785
1963-08-01,0.0019550342130987275,5.4,
1963-09-01,-0.0009756097560975618,5.5,
1963-10-01,0.0009765625,5.5,0.01473207912557184
1963-11-01,0.0009756097560975618,5.7,
1963-12-01,0.0032488628979856493,5.5,
1964-01-01,0.0019430051813471572,5.6,0.02428976447308462
1964-02-01,-0.0009696186166774368,5.4,
1964-03-01,0.0009705596894209467,5.4,
1964-04-01,0.0003232062055591456,5.3,0.013215451269143141
1964-05-01,0.0009693053311794486,5.1,
1964-06-01,0.0009683666881858954,5.2,
1964-07-01,0.00032247662044504466,4.9,0.019681025057685986
1964-08-01,0.0009671179883945502,5.0,
1964-09-01,0.0009661835748790981,5.1,
1964-10-01,0.0012870012870014325,5.1,0.007641276185604395
1964-11-01,0.002892030848329119,4.8,
1964-12-01,0.001281640499839698,5.0,
1965-01-01,0.0009600000000000719,4.9,0.02935672195939021
1965-02-01,0.0,5.1,
1965-03-01,0.0009590792838873874,4.7,
1965-04-01,0.002235707441711865,4.8,0.017276640800234055
1965-05-01,0.0031867431485022024,4.6,
1965-06-01,0.0041296060991105055,4.6,
1965-07-01,-0.000949066751028238,4.4,0.02620136375277138
1965-08-01,-0.0009499683343887622,4.4,
1965-09-01,0.0022187004754359307,4.3,
1965-10-01,0.000948766603415585,4.2,0.03007247875749175
1965-11-01,0.003159557661927437,4.1,
1965-12-01,0.0031496062992126816,4.0,
1966-01-01,0.0009419152276295417,4.0,0.030934486569403452
1966-02-01,0.006273525721455453,3.8,
1966-03-01,0.0031172069825435855,3.8,
1966-04-01,0.003107520198881275,3.8,0.0116207174759404
1966-05-01,0.0021685254027261625,3.9,
1966-06-01,0.0009273570324574987,3.8,
1966-07-01,0.0021618282890674134,3.8,0.01820788316742883
1966-08-01,0.006163328197226425,3.8,
1966-09-01,0.003062787136294043,3.7,
1966-10-01,0.003053435114503955,3.7,0.016670774171036573
1966-11-01,0.0009132420091324533,3.6,
1966-12-01,0.0012165450121655041,3.8,
1967-01-01,-0.0006075334143378353,3.9,0.013042090382598293
1967-02-01,0.003039513677811634,3.8,
1967-03-01,0.0,3.8,
1967-04-01,0.003030303030303161,3.8,0.0057014582370849
1967-05-01,0.0,3.8,
1967-06-01,0.0060422960725075026,3.9,
1967-07-01,0.0030030030030030463,3.8,0.01914054816174171
1967-08-01,0.0029940119760478723,3.8,
1967-09-01,0.0029850746268658135,3.8,
1967-10-01,0.0029761904761904656,4.0,0.018730214866978123
1967-11-01,0.005934718100890191,3.9,
1967-12-01,0.002949852507374784,3.8,
1968-01-01,0.002941176470588225,3.7,0.031707242361638244
1968-02-01,0.0029325513196480912,3.8,
1968-03-01,0.0029239766081869956,3.7,
1968-04-01,0.00291545189504383,3.5,0.027443761566857905
1968-05-01,0.0029069767441860517,3.5,
1968-06-01,0.005797101449275477,3.7,
1968-07-01,0.0057636887608067955,3.7,0.01763911364550963
1968-08-01,0.002865329512893977,3.5,
1968-09-01,0.0028571428571428914,3.4,
1968-10-01,0.005698005698005604,3.4,0.018094812399757965
1968-11-01,0.0028328611898016387,3.4,
1968-12-01,0.005649717514124353,3.4,
1969-01-01,0.002808988764045006,3.4,0.026142784831048704
1969-02-01,0.0028011204481790397,3.4,
1969-03-01,0.008379888268156499,3.4,
1969-04-01,0.005540166204986097,3.4,0.015788196754978445
1969-05-01,0.0027548209366392573,3.4,
1969-06-01,0.005494505494505475,3.5,
1969-07-01,0.005464480874316724,3.5,0.020748845414362282
1969-08-01,0.0027173913043478937,3.5,
1969-09-01,0.005420054200542035,3.7,
1969-10-01,0.005390835579514697,3.7,0.007952766914314902
1969-11-01,0.00536193029490617,3.5,
1969-12-01,0.005333333333333412,3.5,
1970-01-01,0.0053050397877982824,3.9,0.012573363887773192
1970-02-01,0.005277044854881341,4.2,
1970-03-01,0.005249343832020914,4.4,
1970-04-01,0.005221932114882533,4.6,0.015387176560121674
1970-05-01,0.0025974025974027093,4.8,
1970-06-01,0.005181347150258864,4.9,
1970-07-01,0.002577319587628857,5.0,0.017504625834406706
1970-08-01,0.0025706940874037354,5.1,
1970-09-01,0.00512820512820511,5.4,
1970-10-01,0.005102040816326481,5.5,0.0023470179796860613
1970-11-01,0.005076142131979822,5.9,
1970-12-01,0.005050505050504972,6.1,
1971-01-01,0.002512562814070307,5.9,0.04275919339192802
1971-02-01,0.0,5.9,
1971-03-01,0.0025062656641603454,6.0,
1971-04-01,0.0024999999999999467,5.9,0.018600967620309383
1971-05-01,0.004987531172069737,5.9,
1971-06-01,0.00496277915632759,5.9,
1971-07-01,0.0024691358024691024,6.0,0.018511231363581793
1971-08-01,0.0024630541871921707,6.1,
1971-09-01,0.002457002457002311,6.0,
1971-10-01,0.002450980392156854,5.8,0.010717727726240245
1971-11-01,0.0024449877750611915,6.0,
1971-12-01,0.0024390243902439046,6.0,
1972-01-01,0.0024330900243310083,5.8,0.033867177687585404
1972-02-01,0.004854368932038833,5.7,
1972-03-01,0.0,5.8,
1972-04-01,0.0024154589371980784,5.7,0.029058783090323503
1972-05-01,0.002409638554216942,5.7,
1972-06-01,0.0024038461538462563,5.7,
1972-07-01,0.0023980815347719453,5.6,0.01910738497231068
1972-08-01,0.0023923444976077235,5.6,
1972-09-01,0.004773269689737569,5.5,
1972-10-01,0.002375296912114022,5.6,0.029706345897846376
1972-11-01,0.004739336492890933,5.3,
1972-12-01,0.002358490566037874,5.2,
1973-01-01,0.004705882352941337,4.9,0.036560955494151504
1973-02-01,0.007025761124121788,5.0,
1973-03-01,0.009302325581395321,4.9,
1973-04-01,0.00691244239631339,5.0,0.026422696353512576
1973-05-01,0.004576659038901587,4.9,
1973-06-01,0.006833712984054774,4.9,
1973-07-01,0.0,4.8,0.014110745766811705
1973-08-01,0.018099547511312153,4.8,
1973-09-01,0.004444444444444473,4.8,
1973-10-01,0.008849557522123908,4.6,0.02960655248361399
1973-11-01,0.006578947368421018,4.8,
1973-12-01,0.008714596949890963,4.9,
1974-01-01,0.010799136069114423,5.1,0.010106422252011749
1974-02-01,0.010683760683760646,5.2,
1974-03-01,0.010570824524312794,5.1,
1974-04-01,0.006276150627615218,5.1,0.02605067431862329
1974-05-01,0.01039501039501034,5.1,
1974-06-01,0.008230452674897082,5.4,
1974-07-01,0.006122448979591688,5.5,0.019587518365340895
1974-08-01,0.012170385395537497,5.5,
1974-09-01,0.014028056112224574,5.9,
1974-10-01,0.007905138339920903,6.0,0.025418166107487927
1974-11-01,0.009803921568627416,6.6,
1974-12-01,0.007766990291262044,7.2,
1975-01-01,0.007707129094412402,8.1,0.01027518645928338
1975-02-01,0.005736137667304186,8.1,
1975-03-01,0.0038022813688212143,8.6,
1975-04-01,0.0037878787878788955,8.8,0.022112892886401836
1975-05-01,0.0018867924528302993,9.0,
1975-06-01,0.007532956685499137,8.8,
1975-07-01,0.009345794392523255,8.6,0.035092105653468986
1975-08-01,0.0037037037037037646,8.4,
1975-09-01,0.007380073800737907,8.4,
1975-10-01,0.005494505494505475,8.4,0.030418991472786594
1975-11-01,0.007285974499089187,8.3,
1975-12-01,0.005424954792043524,8.2,
1976-01-01,0.003597122302158251,7.9,0.033292637034993744
1976-02-01,0.0017921146953405742,7.7,
1976-03-01,0.0017889087656530744,7.6,
1976-04-01,0.0017857142857142794,7.7,0.017492572042535848
1976-05-01,0.005347593582887722,7.4,
1976-06-01,0.005319148936170359,7.6,
1976-07-01,0.005291005291005346,7.8,0.018477249218822545
1976-08-01,0.0052631578947368585,7.8,
1976-09-01,0.00523560209424101,7.6,
1976-10-01,0.005208333333333259,7.7,0.02529209279545075
1976-11-01,0.003454231433505983,7.8,
1976-12-01,0.005163511187607606,7.8,
1977-01-01,0.005136986301369939,7.5,0.028111336920900065
1977-02-01,0.010221465076660996,7.6,
1977-03-01,0.005059021922428464,7.4,
1977-04-01,0.006711409395973034,7.2,0.03382247637590985
1977-05-01,0.0033333333333334103,7.0,
1977-06-01,0.004983388704318914,7.2,
1977-07-01,0.0049586776859502635,6.9,0.030431308000499868
1977-08-01,0.00493421052631593,7.0,
1977-09-01,0.003273322422258529,6.8,
1977-10-01,0.004893964110930016,6.8,0.02161792951810093
1977-11-01,0.006493506493506551,6.8,
1977-12-01,0.004838709677419395,6.4,
1978-01-01,0.006420545746388617,6.4,0.01778428754268191
1978-02-01,0.004784688995215225,6.3,
1978-03-01,0.006349206349206327,6.3,
1978-04-01,0.007886435331230235,6.1,0.05850523888212944
1978-05-01,0.009389671361502261,6.0,
1978-06-01,0.007751937984496138,5.9,
1978-07-01,0.007692307692307665,6.2,0.02719982089805728
1978-08-01,0.006106870229007688,5.9,
1978-09-01,0.009104704097116834,6.0,
1978-10-01,0.009022556390977376,5.8,0.034193815335193056
1978-11-01,0.005961251862891315,5.9,
1978-12-01,0.005925925925926112,6.0,
1979-01-01,0.008836524300441795,5.9,0.02004926221734893
1979-02-01,0.010218978102189746,5.9,
1979-03-01,0.010115606936416333,5.8,
1979-04-01,0.010014306151645114,5.8,0.025582499871368958
1979-05-01,0.011331444759206999,5.6,
1979-06-01,0.011204481792717047,5.7,
1979-07-01,0.011080332409972193,5.7,0.0294522289847321
1979-08-01,0.009589041095890538,6.0,
1979-09-01,0.009497964721845387,5.9,
1979-10-01,0.010752688172043001,6.0,0.02111213784856214
1979-11-01,0.010638297872340496,5.9,
1979-12-01,0.011842105263157876,6.0,
1980-01-01,0.014304291287386084,6.3,0.02421506356917691
1980-02-01,0.012820512820512775,6.3,
1980-03-01,0.013924050632911245,6.3,
1980-04-01,0.00998751560549338,6.9,0.0026919087174110956
1980-05-01,0.009888751545117369,7.5,
1980-06-01,0.009791921664626724,7.6,
1980-07-01,0.00121212121212122,7.8,0.021138204988146114
1980-08-01,0.007263922518159882,7.7,
1980-09-01,0.008413461538461675,7.5,
1980-10-01,0.009535160905840279,7.5,0.04518633578424924
1980-11-01,0.010625737898465104,7.5,
1980-12-01,0.009345794392523477,7.2,
1981-01-01,0.0092592592592593,7.5,0.04643991054265606
1981-02-01,0.00917431192660545,7.4,
1981-03-01,0.006818181818181834,7.4,
1981-04-01,0.0056433408577878375,7.2,0.012267436910370133
1981-05-01,0.006734006734006925,7.5,
1981-06-01,0.008918617614269708,7.5,
1981-07-01,0.011049723756906049,7.2,0.03101217631948061
1981-08-01,0.007650273224043769,7.4,
1981-09-01,0.009761388286333883,7.6,
1981-10-01,0.003222341568206444,7.9,0.006197921921947902
1981-11-01,0.004282655246252487,8.3,
1981-12-01,0.0031982942430703876,8.5,
1982-01-01,0.0031880977683316214,8.6,-0.0019860900543705595
1982-02-01,0.0031779661016948513,8.9,
1982-03-01,0.0,9.0,
1982-04-01,0.0031678986272438703,9.3,0.017612914141700964
1982-05-01,0.0094736842105263,9.4,
1982-06-01,0.011470281543274119,9.6,
1982-07-01,0.005154639175257714,9.8,0.01030921028147902
1982-08-01,0.002051282051282133,9.8,
1982-09-01,0.0,10.1,
1982-10-01,0.004094165813715467,10.4,0.010765161502672704
1982-11-01,-0.0010193679918449883,10.8,
1982-12-01,-0.003061224489795844,10.8,
1983-01-01,0.0020470829068577334,10.4,0.020823138806328467
1983-02-01,0.0010214504596526286,10.4,
1983-03-01,0.0010204081632652073,10.3,
1983-04-01,0.007135575942915473,10.2,0.03035486997946979
1983-05-01,0.004048582995951566,10.1,
1983-06-01,0.002016129032258007,10.1,
1983-07-01,0.004024144869215096,9.4,0.030828635359758216
1983-08-01,0.0030060120240480437,9.5,
1983-09-01,0.0029970029970030065,9.2,
1983-10-01,0.003984063745019917,8.8,0.028604467281202695
1983-11-01,0.0029761904761904656,8.5,
1983-12-01,0.0029673590504453173,8.3,
1984-01-01,0.006903353057199135,8.0,0.029870034727327965
1984-02-01,0.004897159647404559,7.8,
1984-03-01,0.0029239766081872176,7.8,
1984-04-01,0.0038872691933915515,7.7,0.025984031950428532
1984-05-01,0.0019361084220717029,7.4,
1984-06-01,0.0019323671497584183,7.2,
1984-07-01,0.0038572806171648377,7.5,0.01861756319394381
1984-08-01,0.0028818443804035088,7.5,
1984-09-01,0.002873563218390718,7.3,
1984-10-01,0.0038204393505252288,7.4,0.01574364938483197
1984-11-01,0.0019029495718363432,7.2,
1984-12-01,0.0018993352326686086,7.3,
1985-01-01,0.0018957345971564177,7.3,0.01967361616140173
1985-02-01,0.005676442762535316,7.2,
1985-03-01,0.00470366886171214,7.2,
1985-04-01,0.0018726591760300781,7.3,0.015299392364558573
1985-05-01,0.0018691588785046953,7.2,
1985-06-01,0.002798507462686617,7.4,
1985-07-01,0.0018604651162790198,7.4,0.02139427649668102
1985-08-01,0.0018570102135562205,7.1,
1985-09-01,0.001853568118628246,7.1,
1985-10-01,0.0037002775208141436,7.1,0.013066780524089161
1985-11-01,0.004608294930875667,7.0,
1985-12-01,0.004587155963302836,7.0,
1986-01-01,0.0036529680365298134,6.7,0.014356131981006826
1986-02-01,-0.0018198362147406888,7.2,
1986-03-01,-0.005469462169553352,7.2,
1986-04-01,-0.0036663611365719273,7.1,0.008306761427841813
1986-05-01,0.002759889604415866,7.2,
1986-06-01,0.003669724770642313,7.2,
1986-07-01,0.000914076782449591,7.0,0.013712725560684147
1986-08-01,0.0009132420091324533,6.9,
1986-09-01,0.0036496350364965124,7.0,
1986-10-01,0.001818181818181941,7.0,0.010842358685053233
1986-11-01,0.001814882032667997,6.9,
1986-12-01,0.0036231884057971175,6.6,
1987-01-01,0.005415162454873723,6.6,0.0138544799744591
1987-02-01,0.0035906642728904536,6.6,
1987-03-01,0.003577817531305927,6.6,
1987-04-01,0.004456327985739694,6.3,0.017789331822159138
1987-05-01,0.002661934338952898,6.3,
1987-06-01,0.004424778761061843,6.2,
1987-07-01,0.002643171806167466,6.1,0.016311358756262884
1987-08-01,0.004393673110720586,6.0,
1987-09-01,0.0034995625546807574,5.9,
1987-10-01,0.0026155187445509043,6.0,0.025271288786798296
1987-11-01,0.003478260869565375,5.8,
1987-12-01,0.0017331022530329143,5.7,
1988-01-01,0.0034602076124568004,5.7,0.013054728100712731
1988-02-01,0.0017241379310344307,5.7,
1988-03-01,0.002581755593803692,5.7,
1988-04-01,0.006008583690987113,5.4,0.022995356934204736
1988-05-01,0.0025597269624573205,5.6,
1988-06-01,0.004255319148936065,5.4,
1988-07-01,0.004237288135593209,5.4,0.017880222796142542
1988-08-01,0.00421940928270037,5.6,
1988-09-01,0.004201680672268893,5.4,
1988-10-01,0.0033472803347280866,5.4,0.022085490082503156
1988-11-01,0.0033361134278564464,5.3,
1988-12-01,0.0033250207813799726,5.3,
1989-01-01,0.0041425020712511085,5.4,0.020695215064925332
1989-02-01,0.0033003300330032292,5.2,
1989-03-01,0.00493421052631593,5.0,
1989-04-01,0.0073649754500817455,5.2,0.018364244936677654
1989-05-01,0.004874086108854758,5.2,
1989-06-01,0.003233629749393563,5.3,
1989-07-01,0.003223207091055613,5.2,0.014771055060853078
1989-08-01,0.0,5.2,
1989-09-01,0.002409638554216942,5.3,
1989-10-01,0.004807692307692291,5.3,0.009107756921637122
1989-11-01,0.003987240829345984,5.4,
1989-12-01,0.003177124702144596,5.4,
1990-01-01,0.009501187648456089,5.4,0.021830316028380148
1990-02-01,0.0039215686274509665,5.3,
1990-03-01,0.004687499999999956,5.2,
1990-04-01,0.002332814930015692,5.4,0.014869989124254746
1990-05-01,0.0015515903801395226,5.4,
1990-06-01,0.006196746707978429,5.2,
1990-07-01,0.004618937644341736,5.5,0.009242909597068971
1990-08-01,0.008429118773946254,5.7,
1990-09-01,0.006838905775075954,5.9,
1990-10-01,0.006792452830188811,5.9,-0.0017261512496183906
1990-11-01,0.002248875562218755,6.2,
1990-12-01,0.0037397157816005944,6.3,
1991-01-01,0.0037257824143070994,6.4,0.005070167149813232
1991-02-01,0.0007423904974017681,6.6,
1991-03-01,0.0,6.8,
1991-04-01,0.002225519287833766,6.7,0.015191598325683175
1991-05-01,0.0037009622501851247,6.9,
1991-06-01,0.002949852507374784,6.9,
1991-07-01,0.0014705882352941124,6.8,0.012906280572338558
1991-08-01,0.002936857562408246,6.9,
1991-09-01,0.002928257686676483,6.9,
1991-10-01,0.0014598540145984717,7.0,0.009443054288176045
1991-11-01,0.004373177842565745,7.0,
1991-12-01,0.002902757619738683,7.3,
1992-01-01,0.0007235890014474222,7.3,0.01573331800898381
1992-02-01,0.002169197396963085,7.4,
1992-03-01,0.003607503607503615,7.4,
1992-04-01,0.0021567217828901697,7.4,0.016919577903984573
1992-05-01,0.002152080344332674,7.6,
1992-06-01,0.0028632784538296097,7.8,
1992-07-01,0.002855103497501732,7.7,0.014817108894267905
1992-08-01,0.002135231316725994,7.6,
1992-09-01,0.0021306818181816567,7.6,
1992-10-01,0.00425230333097093,7.3,0.017385144094218097
1992-11-01,0.0028228652081863093,7.4,
1992-12-01,0.0014074595355384467,7.4,
1993-01-01,0.0035137034434293835,7.3,0.0072829568541386
1993-02-01,0.0021008403361342243,7.1,
1993-03-01,0.0013976240391335715,7.0,
1993-04-01,0.0034891835310537633,7.1,0.011810756258415545
1993-05-01,0.0027816411682890507,7.1,
1993-06-01,0.0006934812760057696,7.0,
1993-07-01,0.001386001386001201,6.9,0.010744552124787754
1993-08-01,0.0020761245674740803,6.8,
1993-09-01,0.0013812154696131174,6.7,
1993-10-01,0.004137931034482678,6.8,0.019127888036468033
1993-11-01,0.0027472527472527375,6.6,
1993-12-01,0.00205479452054802,6.5,
1994-01-01,0.0,6.6,0.014530625466762537
1994-02-01,0.002734107997265811,6.6,
1994-03-01,0.0027266530334015826,6.5,
1994-04-01,0.0006798096532969478,6.4,0.018449328325780945
1994-05-01,0.0020380434782609758,6.1,
1994-06-01,0.0027118644067796183,6.1,
1994-07-01,0.0033806626098715764,6.1,0.011610984015164583
1994-08-01,0.0040431266846361336,6.0,
1994-09-01,0.002013422818792021,5.9,
1994-10-01,0.0006697923643670389,5.8,0.016943354146561118
1994-11-01,0.0026773761713521083,5.6,
1994-12-01,0.0020026702269690944,5.5,
1995-01-01,0.0026648900732844094,5.6,0.008987043827146657
1995-02-01,0.0026578073089700283,5.4,
1995-03-01,0.001988071570576455,5.4,
1995-04-01,0.003968253968254176,5.8,0.007804539283188916
1995-05-01,0.0019762845849802257,5.6,
1995-06-01,0.0019723865877712132,5.6,
1995-07-01,0.001312335958005173,5.7,0.01347157900207585
1995-08-01,0.001965923984272644,5.7,
1995-09-01,0.001308044473512071,5.6,
1995-10-01,0.0026126714565644082,5.5,0.011643829821849971
1995-11-01,0.0013029315960910726,5.6,
1995-12-01,0.0013012361743658385,5.6,
1996-01-01,0.005198180636777128,5.6,0.012335920117191312
1996-02-01,0.0019392372333548735,5.5,
1996-03-01,0.003225806451612856,5.5,
1996-04-01,0.0038585209003214604,5.6,0.02088996231540885
1996-05-01,0.0019218449711724261,5.6,
1996-06-01,0.0019181585677747748,5.3,
1996-07-01,0.0019144862795150708,5.5,0.012270629067677286
1996-08-01,0.001273885350318471,5.1,
1996-09-01,0.0031806615776082126,5.2,
1996-10-01,0.003170577045022105,5.2,0.0157860729654693
1996-11-01,0.003160556257901348,5.4,
1996-12-01,0.002520478890989386,5.4,
1997-01-01,0.0018856065367693908,5.3,0.012456035403402899
1997-02-01,0.0018820577164364583,5.2,
1997-03-01,0.0006261740763933155,5.2,
1997-04-01,0.0006257822277846437,5.1,0.01867469123143306
1997-05-01,0.0,4.9,
1997-06-01,0.0018761726078797558,5.0,
1997-07-01,0.0012484394506866447,4.9,0.016903504884769882
1997-08-01,0.0024937655860348684,4.8,
1997-09-01,0.0024875621890545485,4.9,
1997-10-01,0.0018610421836229296,4.7,0.011899585158325232
1997-11-01,0.0012383900928791824,4.6,
1997-12-01,0.0006184291898578831,4.7,
1998-01-01,0.0012360939431395046,4.6,0.011473199521738087
1998-02-01,0.0,4.6,
1998-03-01,0.0,4.7,
1998-04-01,0.0012345679012344402,4.3,0.011641485685413011
1998-05-01,0.002466091245376223,4.4,
1998-06-01,0.0012300123001232066,4.5,
1998-07-01,0.002457002457002311,4.5,0.016878827260535578
1998-08-01,0.001225490196078427,4.5,
1998-09-01,0.000611995104039087,4.6,
1998-10-01,0.0024464831804280607,4.5,0.018955395387199703
1998-11-01,0.0012202562538132788,4.4,
1998-12-01,0.001828153564899626,4.4,
1999-01-01,0.0018248175182480342,4.3,0.012663128251361622
1999-02-01,0.0,4.4,
1999-03-01,0.0006071645415908211,4.2,
1999-04-01,0.006674757281553312,4.3,0.012168706932512041
1999-05-01,0.0006027727546713546,4.2,
1999-06-01,0.0,4.3,
1999-07-01,0.004216867469879482,4.3,0.01683943562025192
1999-08-01,0.002399520095980767,4.2,
1999-09-01,0.00418910831837227,4.2,
1999-10-01,0.0017878426698449967,4.1,0.02204513728516
1999-11-01,0.0017846519928614857,4.1,
1999-12-01,0.002375296912114022,4.0,
2000-01-01,0.002962085308056972,4.0,0.010303864509787708
2000-02-01,0.0041346721795627595,4.1,
2000-03-01,0.00588235294117645,4.0,
2000-04-01,-0.0005847953216373547,3.8,0.024548750827194654
2000-05-01,0.0017554125219425565,4.0,
2000-06-01,0.005841121495327117,4.0,
2000-07-01,0.0029036004645761615,4.0,0.006874212019844617
2000-08-01,0.0,4.1,
2000-09-01,0.005211349160393786,3.9,
2000-10-01,0.001728110599078514,3.9,0.011395340159805478
2000-11-01,0.0017251293847038163,3.9,
2000-12-01,0.0022962112514350874,3.9,
2001-01-01,0.00572737686139746,4.2,0.0033046996936680895
2001-02-01,0.002277904328018332,4.2,
2001-03-01,0.0005681818181817455,4.3,
2001-04-01,0.0017035775127769437,4.4,0.012298582524110424
2001-05-01,0.005102040816326481,4.3,
2001-06-01,0.002256063169768563,4.5,
2001-07-01,-0.0016882386043892694,4.6,-9.24615529767081e-05
2001-08-01,0.0,4.9,
2001-09-01,0.003945885005636862,5.0,
2001-10-01,-0.0028074115665356336,5.3,0.005892138342822539
2001-11-01,-0.0005630630630630851,5.5,
2001-12-01,-0.0005633802816901179,5.7,
2002-01-01,0.0016910935738443378,5.7,0.011541241399882551
2002-02-01,0.0016882386043894915,5.7,
2002-03-01,0.002808988764045006,5.7,
2002-04-01,0.004481792717086819,5.9,0.009640654703945817
2002-05-01,0.001115448968209698,5.8,
2002-06-01,0.0005571030640667551,5.8,
2002-07-01,0.00222717149220486,5.8,0.008870755897151472
2002-08-01,0.002777777777777768,5.7,
2002-09-01,0.0016620498614958734,5.7,
2002-10-01,0.0022123893805308104,5.7,0.007045950306080462
2002-11-01,0.0016556291390728006,5.9,
2002-12-01,0.0016528925619836432,6.0,
2003-01-01,0.004400440044004306,5.8,0.010188191710784666
2003-02-01,0.005476451259583737,5.9,
2003-03-01,0.0016339869281045694,5.9,
2003-04-01,-0.0038064165307233333,6.0,0.012406962547147904
2003-05-01,-0.0016375545851528006,6.1,
2003-06-01,0.0010934937124111865,6.3,
2003-07-01,0.003276897870016393,6.2,0.02244393634589459
2003-08-01,0.004354926510615087,6.1,
2003-09-01,0.003252032520325132,6.1,
2003-10-01,-0.0010804970286331095,6.0,0.01777218661656188
2003-11-01,0.0005408328826392861,5.8,
2003-12-01,0.002702702702702675,5.7,
2004-01-01,0.004312668463611891,5.7,0.012844885686098317
2004-02-01,0.0021470746108425143,5.6,
2004-03-01,0.002142474558114671,5.8,
2004-04-01,0.0016034206306787535,5.6,0.015881984463050003
2004-05-01,0.004268943436499306,5.6,
2004-06-01,0.0037194473963868546,5.6,
2004-07-01,0.001058761249338236,5.5,0.015891599103924348
2004-08-01,0.0005288207297726721,5.4,
2004-09-01,0.003171247357294016,5.4,
2004-10-01,0.005268703898840821,5.5,0.018033438743137342
2004-11-01,0.004716981132075304,5.4,
2004-12-01,0.0,5.4,
2005-01-01,-0.0005216484089722861,5.3,0.01916403759048113
2005-02-01,0.0041753653444676075,5.4,
2005-03-01,0.0036382536382535413,5.2,
2005-04-01,0.0031071983428274663,5.2,0.012169383532255829
2005-05-01,-0.0005162622612286949,5.1,
2005-06-01,0.0005165289256197081,5.0,
2005-07-01,0.006195147134744561,5.0,0.01702328066304637
2005-08-01,0.0061570035915854415,4.9,
2005-09-01,0.013768485466598701,5.0,
2005-10-01,0.0015090543259557165,5.0,0.013814726141060607
2005-11-01,-0.0050226017076845375,5.0,
2005-12-01,0.0,4.9,
2006-01-01,0.006057546693589266,4.7,0.020635829352357637
2006-02-01,0.0005017561465128217,4.8,
2006-03-01,0.0015045135406217547,4.7,
2006-04-01,0.005007511266900355,4.7,0.011343641813170935
2006-05-01,0.002989536621823774,4.6,
2006-06-01,0.0024838549428713996,4.6,
2006-07-01,0.005450941526263575,4.7,0.00848981315489139
2006-08-01,0.004435682602267121,4.7,
2006-09-01,-0.004906771344455385,4.5,
2006-10-01,-0.004437869822485285,4.4,0.012211225976172635
2006-11-01,0.0004952947003467045,4.5,
2006-12-01,0.00544554455445545,4.4,
2007-01-01,0.001659281142294633,4.6,0.012542487086489862
2007-02-01,0.003878350545869269,4.5,
2007-03-01,0.005200121434097538,4.4,
2007-04-01,0.003000662483924943,4.5,0.013114489093746018
2007-05-01,0.004132994016629032,4.4,
2007-06-01,0.0023167517109623503,4.6,
2007-07-01,0.0017805958481715844,4.7,0.011250803876828419
2007-08-01,0.00030828070885302594,4.6,
2007-09-01,0.0042375533907650365,4.7,
2007-10-01,0.0030832378312801723,4.7,0.010363896417475926
2007-11-01,0.007858884267890387,4.7,
2007-12-01,0.002898014551732553,5.0,
2008-01-01,0.003447705076970342,5.0,-0.0005789987372118999
2008-02-01,0.0024178268779397882,4.9,
2008-03-01,0.003578027806118822,5.1,
2008-04-01,0.002314381020201539,5.0,0.010822601485135364
2008-05-01,0.0059174916566171465,5.4,
2008-06-01,0.0104782350098509,5.6,
2008-07-01,0.007141444751521009,5.8,0.0022399212791917034
2008-08-01,-0.0014884757278006422,6.1,
2008-09-01,0.0008550916822900323,6.1,
2008-10-01,-0.008598436564828615,6.5,-0.019517418586308954
2008-11-01,-0.017705477084725474,6.8,
2008-12-01,-0.008233522399403226,7.3,
2009-01-01,0.0025307713412614508,7.8,-0.012137490639680837
2009-02-01,0.003642660652187324,8.3,
2009-03-01,-0.000987282856538485,8.7,
2009-04-01,0.0010070825195886979,9.0,-0.003441642109412113
2009-05-01,0.0014714939189219844,9.4,
2009-06-01,0.008299612246622345,9.5,
2009-07-01,-0.00029796545463012247,9.5,0.004703768160121857
2009-08-01,0.0033484533777929926,9.6,
2009-09-01,0.0019308872334005134,9.8,
2009-10-01,0.003001931798703783,10.0,0.01400572030417302
2009-11-01,0.0033485905897676638,9.9,
2009-12-01,0.0005201763996427466,9.9,
2010-01-01,0.0006487322116246474,9.8,0.007737292568026133
2010-02-01,-0.0009517766497462166,9.8,
2010-03-01,0.00033136813619227823,9.9,
2010-04-01,0.00023004053314190642,9.9,0.014601333865235766
2010-05-01,-0.0005197720362644098,9.6,
2010-06-01,-0.00041879515854381655,9.4,
2010-07-01,0.0018692535416828804,9.4,0.01077516157502112
2010-08-01,0.0014613634796996067,9.5,
2010-09-01,0.001615249422961318,9.5,
2010-10-01,0.00348184629481163,9.4,0.01108647186523859
2010-11-01,0.0025338416234848005,9.8,
2010-12-01,0.004016576346828282,9.3,
2011-01-01,0.003243042200370194,9.1,0.00274170098855131
2011-02-01,0.00321447463006419,9.0,
2011-03-01,0.0051735482068338,9.0,
2011-04-01,0.0046940989750992035,9.1,0.013424857381531652
2011-05-01,0.003181714734507679,9.0,
2011-06-01,0.0,9.1,
2011-07-01,0.0026200368317570444,9.0,0.005794039789969396
2011-08-01,0.003154462166418792,9.0,
2011-09-01,0.0021715478580843772,9.0,
2011-10-01,0.0006752075270193281,8.8,0.012435006339597932
2011-11-01,0.0018478500551268873,8.6,
2011-12-01,0.00023770849015480877,8.5,
2012-01-01,0.0027241960540966836,8.3,0.014300107074376234
2012-02-01,0.002137446124946152,8.3,
2012-03-01,0.002093470387029228,8.2,
2012-04-01,0.0016607883500068255,8.2,0.008607360659364405
2012-05-01,-0.002068180132381081,8.2,
2012-06-01,-0.0008263631713106845,8.2,
2012-07-01,0.0002888099280600187,8.2,0.0069368299046437265
2012-08-01,0.00580952797585188,8.1,
2012-09-01,0.004771266277542319,7.8,
2012-10-01,0.0026967945804385884,7.8,0.006181423852545942
2012-11-01,-0.0016793444944266378,7.7,
2012-12-01,-0.00012108160467716456,7.9,
2013-01-01,0.001980788942180789,8.0,0.013871144213798425
2013-02-01,0.005429926752100966,7.7,
2013-03-01,-0.0028119191025899326,7.5,
2013-04-01,-0.002087979266581219,7.6,0.004835240637885763
2013-05-01,0.00041415548950163306,7.5,
2013-06-01,0.002380408205508555,7.5,
2013-07-01,0.001957452300544338,7.3,0.013458976188627236
2013-08-01,0.0023872906826962748,7.2,
2013-09-01,0.00037694469193350066,7.2,
2013-10-01,0.000535231048539142,7.2,0.014048795322923358
2013-11-01,0.0018444894273523804,6.9,
2013-12-01,0.0026441691584793148,6.7,
2014-01-01,0.0024241752904536895,6.6,0.0003326543554891259
2014-02-01,0.0011007786202441583,6.7,
2014-03-01,0.00204205530106516,6.7,
2014-04-01,0.0018641856050976013,6.2,0.018651871542641363
2014-05-01,0.0019030059035471947,6.3,
2014-06-01,0.001321132206079767,6.1,
2014-07-01,0.001125485286492811,6.2,0.016309608101328976
2014-08-01,-0.00016000134737970129,6.1,
2014-09-01,7.159100480080838e-05,5.9,
2014-10-01,-0.00019791390324119806,5.7,0.00605760609221595
2014-11-01,-0.0018826601524659647,5.8,
2014-12-01,-0.0030846094445592387,5.6,
2015-01-01,-0.0063703164417655556,5.7,0.008455188255924728
2015-02-01,0.0025346436802173855,5.5,
2015-03-01,0.0026939517808124425,5.4,
2015-04-01,0.0010424788961589382,5.4,0.011971913129488865
2015-05-01,0.003297745341246827,5.6,
2015-06-01,0.0027679208104607333,5.3,
2015-07-01,0.0015863197801873063,5.2,0.0066653960462552675
2015-08-01,-4.20108051790713e-06,5.1,
2015-09-01,-0.002247587519377592,5.0,
2015-10-01,0.0009894820166906904,5.0,0.0018210890711505279
2015-11-01,0.0011946174910508756,5.1,
2015-12-01,-0.0010755534268560574,5.0,
2016-01-01,-0.0004584435630738959,4.8,0.0049251600354258684
2016-02-01,-0.0013296753235823022,4.9,
2016-03-01,0.0031347962382444194,5.0,
2016-04-01,0.0038306451612901693,5.1,0.01002751116502476
2016-05-01,0.0023640958693178504,4.8,
2016-06-01,0.002775957287827202,4.9,
2016-07-01,-0.0005037007434789409,4.8,0.009669724325451323
2016-08-01,0.0018492217858316895,4.9,
2016-09-01,0.0026232097944252075,5.0,
2016-10-01,0.0023426874979268764,4.9,0.010413579595735856
2016-11-01,0.0011789477167711837,4.7,
2016-12-01,0.002524522158776188,4.7,
2017-01-01,0.004043076694815628,4.7,0.009990110207356517
2017-02-01,0.0015926573570097524,4.6,
2017-03-01,-0.00046720162618951733,4.4,
2017-04-01,0.001234152821740775,4.4,0.008223978692209144
2017-05-01,-0.0007739779600562935,4.4,
2017-06-01,0.0006516286618252209,4.3,
2017-07-01,0.0003276499715354486,4.3,0.013064286431928362
2017-08-01,0.0038486261632881824,4.4,
2017-09-01,0.005106389920997767,4.3,
2017-10-01,0.0007750522450138408,4.2,0.0174935299283816
2017-11-01,0.002668007428251684,4.2,
2017-12-01,0.0021068892447551058,4.1,
2018-01-01,0.004253344363511546,4.0,0.014546275386922547
2018-02-01,0.0026922876006090224,4.1,
2018-03-01,0.000192362410782021,4.0,
2018-04-01,0.002604406656061986,4.0,0.01241401687567234
2018-05-01,0.002257949781598212,3.8,
2018-06-01,0.0009011451720948305,4.0,
2018-07-01,0.0007808204989283585,3.8,0.010583496008340187
2018-08-01,0.0017873207703393845,3.8,
2018-09-01,0.002062281702117419,3.7,
2018-10-01,0.002339580144498754,3.8,0.005728090128579888
2018-11-01,-0.0007041919199911595,3.8,
2018-12-01,0.0006848935445813442,3.9,
2019-01-01,-0.0001938544192873204,4.0,0.00890463640484973
2019-02-01,0.002390015748779284,3.8,
2019-03-01,0.0034738396191409393,3.8,
2019-04-01,0.003969284269990103,3.6,0.013297963958055048
2019-05-01,0.0003095477859496043,3.7,
2019-06-01,-0.0005131419170355533,3.6,
2019-07-01,0.0020614597172743387,3.7,0.014473240892176609
2019-08-01,0.0014627373526019394,3.7,
2019-09-01,0.0017652181723744054,3.5,
2019-10-01,0.0028575772578953718,3.6,0.009592758128616596
2019-11-01,0.002173034162118226,3.6,
2019-12-01,0.0031535707497585275,3.6,
2020-01-01,0.0016278961858509078,3.5,-0.008943179260345602
2020-02-01,0.0008145554496077345,3.5,
2020-03-01,-0.004335616861074976,4.4,
2020-04-01,-0.007872185461251346,14.7,-0.08261898168535864
2020-05-01,-0.0008746856598409458,13.2,
2020-06-01,0.0043694404927541175,11.0,
2020-07-01,0.005027511226292525,10.2,0.08710312580992352
2020-08-01,0.004386746064318325,8.4,
2020-09-01,0.00238231994788185,7.9,
2020-10-01,0.0009883512992781007,6.9,0.017408918477949564
2020-11-01,0.0020246959114205154,6.7,
2020-12-01,0.004685349273234163,6.7,
2021-01-01,0.0023470147117750084,6.3,0.026138298155390816
2021-02-01,0.003761660003807288,6.2,
2021-03-01,0.004839969958807089,6.1,
2021-04-01,0.006628566251689394,6.1,0.030627050176801562
2021-05-01,0.006652416844789455,5.8,
2021-06-01,0.007878738209831537,5.9,
2021-07-01,0.004453742067349387,5.4,0.02303806715695056
2021-08-01,0.004069707540365952,5.2,
2021-09-01,0.004243779088943578,4.8,
2021-10-01,0.009101259725283528,4.5,0.03464815709850355
2021-11-01,0.007916187500452088,4.2,
2021-12-01,0.007807370358543286,3.9,
2022-01-01,0.006094977695656922,4.0,0.015190388585855752
2022-02-01,0.007116090290482324,3.8,
2022-03-01,0.010055865921787532,3.6,
2022-04-01,0.003962125006957251,3.6,0.020582309019623324
2022-05-01,0.009206163313248528,3.6,
2022-06-01,0.011879094167570825,3.6,
2022-07-01,-0.00033929589316261666,3.5,0.01763080123673899
2022-08-01,0.002348724493259402,3.7,
2022-09-01,0.00412772585669785,3.5,
2022-10-01,0.0048830002124511385,3.7,0.015917358960053196
2022-11-01,0.0020504250185411355,3.6,
2022-12-01,0.001312801827205723,3.5,
2023-01-01,0.00517074149637109,3.4,0.0153434484210615
2023-02-01,0.003700055900125232,3.6,
2023-03-01,0.0005304195618733853,3.5,
2023-04-01,0.003677834914912914,3.4,0.009301660004562562
2023-05-01,0.0012412600109599214,3.7,
2023-06-01,0.0018035305676999958,3.6,
2023-07-01,0.0016686358983810656,3.5,0.020712070038619634
2023-08-01,0.006311853536083767,3.8,
2023-09-01,0.0039573055059440865,3.8,
2023-10-01,0.000448808219044583,3.9,
